Model,Z,mu_prior_sd,tau_halfcauchy_scale,mu_mean,mu_sd,mu_2.5%,mu_97.5%,tau_mean,tau_sd,tau_2.5%,tau_97.5%,Rhat_mu,Rhat_tau,tau_accept_rate,Validation_RMSE,Validation_Bias,Validation_SE,Validation_Coverage
Ind_FixedZ0.9_muSD5_HC1.0,0.9,5.0,1.0,0.36018707594621513,0.034093648725645534,0.2999322502629965,0.453293809364035,0.1632983612076126,0.05137409923069326,0.09417157615277956,0.2797592670188981,1.0203434630340713,1.3926018723978741,0.18775,1.773727819311594,0.13008274536271508,1.7708647583628416,0.9308855291576674
Ind_FixedZ0.9_muSD10_HC1.0,0.9,10.0,1.0,0.36020175802649046,0.03409415722745599,0.2999459619291862,0.4533106591832406,0.1632983612076126,0.05137409923069326,0.09417157615277956,0.2797592670188981,1.0203433339403998,1.3926018723978741,0.18775,1.7737288946838028,0.1300974076508206,1.7708647583628416,0.9308855291576674
Ind_FixedZ0.9_muSD5_HC5.0,0.9,5.0,5.0,0.3715259418684331,0.039502846227565856,0.2853430267167204,0.44114400021865435,0.18847577354501657,0.05275215358773836,0.10507651894170685,0.3279597285114246,1.1223973759185273,1.0708451867051267,0.19366666666666668,1.774553546099562,0.1407253819569977,1.7708782833272998,0.9308855291576674
Ind_FixedZ0.9_muSD10_HC5.0,0.9,10.0,5.0,0.37154118144749504,0.03950376673213918,0.28535535973088394,0.44116047909784034,0.18847577354501657,0.05275215358773836,0.10507651894170685,0.3279597285114246,1.1224033199138133,1.0708451867051267,0.19366666666666668,1.7745547526449215,0.14074059573232986,1.7708782833272998,0.9308855291576674
Ind_FixedZ0.9_muSD5_HC2.5,0.9,5.0,2.5,0.3533407989276885,0.04026434275560979,0.26225820229933317,0.41841395127738956,0.18623886083787297,0.04534867224689372,0.12892721282435382,0.29949910482122494,1.0831915462263653,1.2739209390131805,0.1865,1.7752516323950793,0.12411950399548484,1.7728228421903411,0.9330453563714903
Ind_FixedZ0.9_muSD10_HC2.5,0.9,10.0,2.5,0.3533553771779881,0.040265189226593154,0.26227119827813233,0.41843010093197147,0.18623886083787297,0.04534867224689372,0.12892721282435382,0.29949910482122494,1.0831939160995414,1.2739209390131805,0.1865,1.7752526501075439,0.12413405924462571,1.7728228421903414,0.9330453563714903
