timepoint,posterior_mean_Z_t
Y_t1,0.9700258848484922
Y_t2,0.9875065623473234
Y_t3,0.9799377642780353
