timepoint,posterior_mean_Z_t
Y_t1,0.9976525445418702
Y_t2,0.9971434867279958
Y_t3,0.9981750339198038
