Method,RMSE,Bias,SE,Coverage
Naive mean,1.7498964502585075,0.0803020635253511,1.749943773677618,
MICE-style iterative regression,1.681353368294812,-0.0586376178746888,1.6821481129908267,
Gaussian NB baseline,1.7145470924005723,0.013584667223946972,1.71634778388837,
