mu_chain_1,tau_chain_1
-0.0007752273599412262,0.063175854653692
0.0002081331427438707,0.063175854653692
0.0018714493745261834,0.063175854653692
0.003620592091522044,0.063175854653692
0.004710960005618199,0.063175854653692
0.004216187845349207,0.063175854653692
0.002632390940991033,0.063175854653692
0.0022360679178510083,0.063175854653692
0.003047818190171285,0.063175854653692
0.004246214891223203,0.063175854653692
