Method_Type,Model,Z,mu_prior_sd,tau_halfcauchy_scale,sigma_y_used,sigma_c_used,Validation_Splits,Mean_RMSE,SD_RMSE,Minimum_RMSE,Maximum_RMSE,Mean_Bias,Mean_Coverage
Comparison method,MICE-style iterative regression,,,,,,1,1.681353368294812,,1.681353368294812,1.681353368294812,-0.0586376178746888,
Comparison method,Gaussian Naive Bayes,,,,,,1,1.7145470924005723,,1.7145470924005723,1.7145470924005723,0.013584667223946972,
Comparison method,Naive mean,,,,,,1,1.7498964502585075,,1.7498964502585075,1.7498964502585075,0.0803020635253511,
Bayesian independent fixed Z,Ind_FixedZ0p9_muSD5_HC1p0_sigY1p7_sigC1p02,0.9,5.0,1.0,1.6975639410640113,1.0185383646384067,1,1.892276479333713,,1.892276479333713,1.892276479333713,-0.13785324494974335,0.7710583153347732
