timepoint,posterior_mean_Z_t
Y_t1,0.9983003646686245
Y_t2,0.9994257272171856
Y_t3,0.9993429597108778
