Model,Z,mu_prior_sd,tau_halfcauchy_scale,mu_mean,mu_sd,mu_2.5%,mu_97.5%,tau_mean,tau_sd,tau_2.5%,tau_97.5%,Rhat_mu,Rhat_tau,tau_accept_rate,Validation_RMSE,Validation_Bias,Validation_SE,Validation_Coverage
Ind_FixedZ0.7_muSD5_HC1.0,0.7,5.0,1.0,0.38352466143560104,0.02689189837521509,0.32951616710158493,0.43042432784525536,0.12685816428371008,0.03194005243515053,0.07340639649536106,0.2106853960327004,1.0832027314859223,1.3518655746424542,0.19116666666666665,1.7765136709194798,0.1529258678889062,1.771833810706899,0.9352051835853131
Ind_FixedZ0.7_muSD10_HC1.0,0.7,10.0,1.0,0.38353710359913407,0.02689214912780239,0.32952844612070287,0.43043726182572845,0.12685816428371008,0.03194005243515053,0.07340639649536106,0.2106853960327004,1.0832064755139816,1.3518655746424542,0.19116666666666665,1.7765147396009744,0.15293828207903526,1.771833810706899,0.9352051835853131
Ind_FixedZ0.7_muSD5_HC5.0,0.7,5.0,5.0,0.3871682817822998,0.03122683072185338,0.32835843929309133,0.44897654112472635,0.1377545441527406,0.03333128591489904,0.08768788462721751,0.2024583232762976,1.1024874138923328,1.4725117483720043,0.19466666666666668,1.7771464636104466,0.15767398600141,1.7720526779362844,0.937365010799136
Ind_FixedZ0.7_muSD10_HC5.0,0.7,10.0,5.0,0.38718087001727075,0.031227261467305725,0.3283706401845221,0.4489906424825468,0.1377545441527406,0.03333128591489904,0.08768788462721751,0.2024583232762976,1.10249149340079,1.4725117483720043,0.19466666666666668,1.7771475775245396,0.1576865404522393,1.7720526779362844,0.937365010799136
Ind_FixedZ0.7_muSD5_HC2.5,0.7,5.0,2.5,0.3999275067368328,0.032896114577525545,0.33422101250369735,0.45726390282910184,0.13081940377509657,0.03115178478353673,0.08166290652181904,0.20926786261753208,1.040253191965411,1.0891485281158528,0.19133333333333333,1.7774692396165,0.16996929055824725,1.7712377954298468,0.9330453563714903
Ind_FixedZ0.7_muSD10_HC2.5,0.7,10.0,2.5,0.3999404384906406,0.03289652362602197,0.3342332807543704,0.45727713802230907,0.13081940377509657,0.03115178478353673,0.08166290652181904,0.20926786261753208,1.0402543527126416,1.0891485281158528,0.19133333333333333,1.7774704732865576,0.16998219128942432,1.7712377954298468,0.9330453563714903
