timepoint,posterior_mean_Z_t
Y_t1,0.9300293216009778
Y_t2,0.9800749630959282
Y_t3,0.9308005154118573
