timepoint,posterior_mean_Z_t
Y_t1,0.9895470540028586
Y_t2,0.9879799803779816
Y_t3,0.9895503976143458
