iteration_after_burn_in,mu,tau
1,0.3364947650027496,17.96248738118787
