iteration_after_burn_in,mu,tau
1,0.3606758836628443,8.981243690593935
