iteration_after_burn_in,mu,tau
1,0.3266357165543226,8.981243690593935
