iteration_after_burn_in,mu,tau
1,0.27297934769620197,3.5924974762375737
