iteration_after_burn_in,mu,tau
1,0.33492089072535736,3.5924974762375737
