iteration_after_burn_in,mu,tau
1,0.3872043465268343,8.981243690593935
