iteration_after_burn_in,mu,tau
1,0.37064529565442905,3.5924974762375737
