iteration_after_burn_in,mu,tau
1,0.3865698671987572,17.96248738118787
