iteration_after_burn_in,mu,tau
1,0.3617067656007465,17.96248738118787
