iteration_after_burn_in,mu,tau
1,0.33496317491214606,3.5924974762375737
