iteration_after_burn_in,mu,tau
1,0.3264018602638767,8.981243690593935
