iteration_after_burn_in,mu,tau
1,0.3855186312235729,17.96248738118787
