iteration_after_burn_in,mu,tau
1,0.360720945412057,17.96248738118787
