iteration_after_burn_in,mu,tau
1,0.38747325249714026,8.981243690593935
