iteration_after_burn_in,mu,tau
1,0.37069109935258493,3.5924974762375737
