iteration_after_burn_in,mu,tau
1,0.36092832111828693,8.981243690593935
