iteration_after_burn_in,mu,tau
1,0.3355717566240941,17.96248738118787
