Model,Z,mu_prior_sd,tau_halfcauchy_scale,mu_mean,mu_sd,mu_2.5%,mu_97.5%,tau_mean,tau_sd,tau_2.5%,tau_97.5%,Rhat_mu,Rhat_tau,tau_accept_rate,Validation_RMSE,Validation_Bias,Validation_SE,Validation_Coverage
Ind_FixedZ0.5_muSD5_HC5.0,0.5,5.0,5.0,0.4260221466692632,0.026256896406079845,0.3777315243293427,0.49677340283526067,0.1112771958579555,0.028032950880724942,0.06848189459628176,0.1769267089070162,1.018324142639477,1.0172745204460365,0.19258333333333333,1.7797074698847513,0.19582466534736148,1.7708145387666525,0.9352051835853131
Ind_FixedZ0.5_muSD10_HC5.0,0.5,10.0,5.0,0.42603358083482024,0.02625711326268283,0.3777425241044128,0.4967855695910257,0.1112771958579555,0.028032950880724942,0.06848189459628176,0.1769267089070162,1.0183247682802619,1.0172745204460365,0.19258333333333333,1.7797087243694476,0.19583606611538582,1.7708145387666525,0.9352051835853131
Ind_FixedZ0.5_muSD5_HC2.5,0.5,5.0,2.5,0.43022190473574623,0.024703355333843005,0.3743948688975962,0.4750161500551649,0.12333830537468002,0.0343007433385437,0.06631017844418981,0.1997163705973296,1.0320224859641978,1.4092482157950708,0.18583333333333332,1.7801988068279349,0.19934414507974324,1.770915930006593,0.9352051835853131
Ind_FixedZ0.5_muSD10_HC2.5,0.5,10.0,2.5,0.4302335326633363,0.024703630184146768,0.3744061869763184,0.4750278161010956,0.12333830537468002,0.0343007433385437,0.06631017844418981,0.1997163705973296,1.0320231320463502,1.4092482157950708,0.18583333333333332,1.780200104241819,0.19935573101507104,1.770915930006593,0.9352051835853131
Ind_FixedZ0.5_muSD5_HC1.0,0.5,5.0,1.0,0.43057030626757103,0.03406278207003157,0.3628096352507945,0.4887319981993872,0.12096078015514851,0.017194875551222098,0.09232052177456267,0.16209274228161252,1.133568191298136,1.051966802235349,0.19025,1.782332184423916,0.19948796079370001,1.773048906030919,0.9330453563714903
Ind_FixedZ0.5_muSD10_HC1.0,0.5,10.0,1.0,0.4305817375048057,0.034063306621529274,0.3628203260552225,0.48874438857170505,0.12096078015514851,0.017194875551222098,0.09232052177456267,0.16209274228161252,1.133569926487379,1.051966802235349,0.19025,1.7823334595470512,0.19949935310486847,1.773048906030919,0.9330453563714903
