Model,Z_prior,a_z,b_z,mu_prior_sd,tau_halfcauchy_scale,sigma_y_used,sigma_c_used,mu_mean,mu_sd,mu_2.5%,mu_97.5%,tau_mean,tau_sd,tau_2.5%,tau_97.5%,Z_mean,Z_sd,Z_2.5%,Z_97.5%,Rhat_mu,Rhat_tau,Rhat_Z_mean,tau_accept_rate,z_accept_rate,Validation_RMSE,Validation_Bias,Validation_SE,Validation_Coverage
Ind_SampledZ_Beta1_1_muSD5_HC1p0_sigY1p7_sigC1p02,"Beta(1,1)",1.0,1.0,5.0,1.0,1.6975639410640113,1.0185383646384067,0.3649979876592705,0.019862519158524595,0.3378646373315608,0.3931100806014021,0.6359008557481056,0.0,0.6359008557481056,0.6359008557481056,0.9556205372285668,0.003426132901129096,0.950655598963289,0.9577483679136857,,,,0.2,0.15,1.9037449552868357,0.06930374096290039,1.9045409252570977,0.8142548596112311
