Model,Z,mu_prior_sd,tau_halfcauchy_scale,sigma_y_used,sigma_c_used,mu_mean,mu_sd,mu_2.5%,mu_97.5%,tau_mean,tau_sd,tau_2.5%,tau_97.5%,Rhat_mu,Rhat_tau,tau_accept_rate,Validation_RMSE,Validation_Bias,Validation_SE,Validation_Coverage
Ind_FixedZ0p9_muSD5_HC1p0_sigY1p7_sigC1p02,0.9,5.0,1.0,1.6975639410640113,1.0185383646384067,0.0026014587040054807,0.0017887871551200082,-0.0005539712468370794,0.004606392354879325,0.063175854653692,0.0,0.063175854653692,0.063175854653692,,,0.15,1.8422546684407137,-0.21097916410778114,1.8321134838566413,0.7883369330453563
